{
  "sources": [
    {
      "type": "minecraft:paletted_permutations",
      "textures": [
	"trimabilities:trims/models/armor/vital",
        "trimabilities:trims/models/armor/vital_leggings",
        "trimabilities:trims/models/armor/stray",
        "trimabilities:trims/models/armor/stray_leggings",
	"trimabilities:trims/models/armor/ravine",
        "trimabilities:trims/models/armor/ravine_leggings",
        "trimabilities:trims/models/armor/storm",
	"trimabilities:trims/models/armor/storm_leggings",
        "trimabilities:trims/models/armor/echo",
	"trimabilities:trims/models/armor/echo_leggings"
      ],
      "palette_key": "minecraft:trims/color_palettes/trim_palette",
      "permutations": {
        "quartz": "minecraft:trims/color_palettes/quartz",
        "iron": "minecraft:trims/color_palettes/iron",
        "gold": "minecraft:trims/color_palettes/gold",
        "diamond": "minecraft:trims/color_palettes/diamond",
        "netherite": "minecraft:trims/color_palettes/netherite",
        "redstone": "minecraft:trims/color_palettes/redstone",
        "copper": "minecraft:trims/color_palettes/copper",
        "emerald": "minecraft:trims/color_palettes/emerald",
        "lapis": "minecraft:trims/color_palettes/lapis",
        "amethyst": "minecraft:trims/color_palettes/amethyst"
      }
    }
  ]
}